{
  "ids": {
    "User": 1,
    "AccessToken": 1,
    "ACL": 1,
    "RoleMapping": 1,
    "Role": 1,
    "Param": 2,
    "transaction": 78,
    "ParamBackup": 11
  },
  "models": {
    "User": {},
    "AccessToken": {},
    "ACL": {},
    "RoleMapping": {},
    "Role": {},
    "Param": {
      "1": "{\"ICOWalletTokenAddress\":\"0x4e80dd9239327e74ea156ef1caa9e9abcfa179f9\",\"ICOWalletEthereumAddress\":\"0x4c0af32cd1d1721a6c6f191bc9ba127926467930\",\"TransactionGaz\":150000,\"GazPice\":6,\"USDTokenPrice\":0.45,\"USDEthereumPrice\":359.628735531,\"id\":1,\"TokenContractTransactionHash\":\"0x6a5b766e8d9a01e4181c22dac7f9531f8de148399c2d17a782225279adff7bf8\",\"NbTotalToken\":100000000,\"NbTokenToSell\":80000000,\"NbTokenSold\":0,\"NbEthereum\":0,\"LastProcessedBlock\":526,\"BlockTokenStart\":526,\"NbBlockTransactionConfirmation\":6}"
    },
    "transaction": {},
    "ParamBackup": {
      "1": "{\"ICOWalletTokenAddress\":\"0x4e80dd9239327e74ea156ef1caa9e9abcfa179f9\",\"ICOWalletEthereumAddress\":\"0x4c0af32cd1d1721a6c6f191bc9ba127926467930\",\"TransactionGaz\":150000,\"GazPice\":6,\"USDTokenPrice\":0.44,\"USDEthereumPrice\":600,\"id\":1}",
      "2": "{\"ICOWalletTokenAddress\":\"0x4e80dd9239327e74ea156ef1caa9e9abcfa179f9\",\"ICOWalletEthereumAddress\":\"0x4c0af32cd1d1721a6c6f191bc9ba127926467930\",\"TransactionGaz\":150000,\"GazPice\":6,\"TokenContractTransactionHash\":\"0x766a3d9c8283c8da60d1b192e2dbe8b3a9ceae1b603c7c9bb4fe0518b23ca568\",\"NbTokenToSell\":80000000,\"NbTotalToken\":100000000,\"USDTokenPrice\":0.45,\"USDEthereumPrice\":418.791019975,\"NbTokenSold\":98181747.85477169,\"NbEthereum\":105523.23378335277,\"LastProcessedBlock\":500,\"BlockTokenStart\":212,\"NbBlockTransactionConfirmation\":6,\"id\":2}",
      "3": "{\"ICOWalletTokenAddress\":\"0x4e80dd9239327e74ea156ef1caa9e9abcfa179f9\",\"ICOWalletEthereumAddress\":\"0x4c0af32cd1d1721a6c6f191bc9ba127926467930\",\"TransactionGaz\":150000,\"GazPice\":6,\"TokenContractTransactionHash\":\"0x766a3d9c8283c8da60d1b192e2dbe8b3a9ceae1b603c7c9bb4fe0518b23ca568\",\"NbTokenToSell\":80000000,\"NbTotalToken\":100000000,\"USDTokenPrice\":0.45,\"USDEthereumPrice\":418.791019975,\"NbTokenSold\":98181747.85477169,\"NbEthereum\":105523.23378335277,\"LastProcessedBlock\":500,\"BlockTokenStart\":212,\"NbBlockTransactionConfirmation\":6,\"id\":3}",
      "4": "{\"ICOWalletTokenAddress\":\"0x4e80dd9239327e74ea156ef1caa9e9abcfa179f9\",\"ICOWalletEthereumAddress\":\"0x4c0af32cd1d1721a6c6f191bc9ba127926467930\",\"TransactionGaz\":150000,\"GazPice\":6,\"TokenContractTransactionHash\":\"0x766a3d9c8283c8da60d1b192e2dbe8b3a9ceae1b603c7c9bb4fe0518b23ca568\",\"NbTokenToSell\":80000000,\"NbTotalToken\":100000000,\"USDTokenPrice\":0.45,\"USDEthereumPrice\":418.791019975,\"NbTokenSold\":98181747.85477169,\"NbEthereum\":105523.23378335277,\"LastProcessedBlock\":500,\"BlockTokenStart\":212,\"NbBlockTransactionConfirmation\":6,\"id\":4}",
      "5": "{\"ICOWalletTokenAddress\":\"0x4e80dd9239327e74ea156ef1caa9e9abcfa179f9\",\"ICOWalletEthereumAddress\":\"0x4c0af32cd1d1721a6c6f191bc9ba127926467930\",\"TransactionGaz\":150000,\"GazPice\":6,\"TokenContractTransactionHash\":\"0x766a3d9c8283c8da60d1b192e2dbe8b3a9ceae1b603c7c9bb4fe0518b23ca568\",\"NbTokenToSell\":80000000,\"NbTotalToken\":100000000,\"USDTokenPrice\":0.45,\"USDEthereumPrice\":418.791019975,\"NbTokenSold\":98181747.85477169,\"NbEthereum\":105523.23378335277,\"LastProcessedBlock\":500,\"BlockTokenStart\":212,\"NbBlockTransactionConfirmation\":6,\"id\":5}",
      "6": "{\"ICOWalletTokenAddress\":\"0x4e80dd9239327e74ea156ef1caa9e9abcfa179f9\",\"ICOWalletEthereumAddress\":\"0x4c0af32cd1d1721a6c6f191bc9ba127926467930\",\"TransactionGaz\":150000,\"GazPice\":6,\"TokenContractTransactionHash\":\"0x766a3d9c8283c8da60d1b192e2dbe8b3a9ceae1b603c7c9bb4fe0518b23ca568\",\"NbTokenToSell\":80000000,\"NbTotalToken\":100000000,\"USDTokenPrice\":0.45,\"USDEthereumPrice\":418.791019975,\"NbTokenSold\":98181747.85477169,\"NbEthereum\":105523.23378335277,\"LastProcessedBlock\":500,\"BlockTokenStart\":212,\"NbBlockTransactionConfirmation\":6,\"id\":6}",
      "7": "{\"ICOWalletTokenAddress\":\"0x4e80dd9239327e74ea156ef1caa9e9abcfa179f9\",\"ICOWalletEthereumAddress\":\"0x4c0af32cd1d1721a6c6f191bc9ba127926467930\",\"TransactionGaz\":150000,\"GazPice\":6,\"TokenContractTransactionHash\":\"0x766a3d9c8283c8da60d1b192e2dbe8b3a9ceae1b603c7c9bb4fe0518b23ca568\",\"NbTokenToSell\":80000000,\"NbTotalToken\":100000000,\"USDTokenPrice\":0.45,\"USDEthereumPrice\":418.791019975,\"NbTokenSold\":98181747.85477169,\"NbEthereum\":105523.23378335277,\"LastProcessedBlock\":500,\"BlockTokenStart\":212,\"NbBlockTransactionConfirmation\":6,\"id\":7}",
      "8": "{\"ICOWalletTokenAddress\":\"0x4e80dd9239327e74ea156ef1caa9e9abcfa179f9\",\"ICOWalletEthereumAddress\":\"0x4c0af32cd1d1721a6c6f191bc9ba127926467930\",\"TransactionGaz\":150000,\"GazPice\":6,\"TokenContractTransactionHash\":\"0x766a3d9c8283c8da60d1b192e2dbe8b3a9ceae1b603c7c9bb4fe0518b23ca568\",\"NbTokenToSell\":80000000,\"NbTotalToken\":100000000,\"USDTokenPrice\":0.45,\"USDEthereumPrice\":356.716108867,\"NbTokenSold\":0,\"NbEthereum\":0,\"LastProcessedBlock\":128,\"BlockTokenStart\":128,\"NbBlockTransactionConfirmation\":6,\"id\":8}",
      "9": "{\"ICOWalletTokenAddress\":\"0x4e80dd9239327e74ea156ef1caa9e9abcfa179f9\",\"ICOWalletEthereumAddress\":\"0x4c0af32cd1d1721a6c6f191bc9ba127926467930\",\"TransactionGaz\":150000,\"GazPice\":6,\"TokenContractTransactionHash\":\"0x4c4b9995b8a598eaa70445d70a6a6aa6a849e91ae0c810264f824379aed726fd\",\"NbTokenToSell\":80000000,\"NbTotalToken\":100000000,\"USDTokenPrice\":0.45,\"USDEthereumPrice\":357.53249319,\"NbTokenSold\":0,\"NbEthereum\":0,\"LastProcessedBlock\":218,\"BlockTokenStart\":218,\"NbBlockTransactionConfirmation\":6,\"id\":9}",
      "10": "{\"ICOWalletTokenAddress\":\"0x4e80dd9239327e74ea156ef1caa9e9abcfa179f9\",\"ICOWalletEthereumAddress\":\"0x4c0af32cd1d1721a6c6f191bc9ba127926467930\",\"TransactionGaz\":150000,\"GazPice\":6,\"TokenContractTransactionHash\":\"0xa5c35ad757cab685273eabbd3a4331158362c6241ba6ea0800d0c021960450e2\",\"NbTokenToSell\":80000000,\"NbTotalToken\":100000000,\"USDTokenPrice\":0.45,\"USDEthereumPrice\":359.628735531,\"NbTokenSold\":0,\"NbEthereum\":0,\"LastProcessedBlock\":493,\"BlockTokenStart\":493,\"NbBlockTransactionConfirmation\":6,\"id\":10}"
    }
  }
}