{
  "ids": {
    "User": 1,
    "AccessToken": 1,
    "ACL": 1,
    "RoleMapping": 1,
    "Role": 1,
    "Param": 7,
    "transaction": 460,
    "ParamBackup": 9
  },
  "models": {
    "User": {},
    "AccessToken": {},
    "ACL": {},
    "RoleMapping": {},
    "Role": {},
    "Param": {
      "6": "{\"ICOWalletTokenAddress\":\"0x4e80dd9239327e74ea156ef1caa9e9abcfa179f9\",\"ICOWalletDiscount1Address\":\"0xfdccc6008e99ea09392600ebf72ad7b30c4b73c4\",\"ICOWalletDiscount2Address\":\"0x21953969bb5a33697502756ca3129566d03b6490\",\"ICOWalletEthereumAddress\":\"0x4c0af32cd1d1721a6c6f191bc9ba127926467930\",\"TransactionGaz\":128000,\"GazPice\":42,\"USDTokenPrice\":0.45,\"USDEthereumPrice\":290.369335112,\"Discount1Factor\":0.9,\"Discount2Factor\":0.8,\"id\":6,\"TokenContractTransactionHash\":\"0xfa9c998bbcbd6104a428351fdfd4b18e9b669f251d13b8af8aacc99a1c5fceee\",\"TokenContractAddress\":\"0x53ebac390e3d4abe8b84046b1699003e824dde52\",\"NbTotalToken\":100000000,\"NbTokenToSell\":80000000,\"NbTokenSold\":0,\"NbEthereum\":0,\"LastProcessedBlock\":2201,\"BlockTokenStart\":201,\"NbBlockTransactionConfirmation\":6,\"IcoDateStart\":1533772800000,\"IcoDateEnd\":1546214400000}"
    },
    "transaction": {},
    "ParamBackup": {
      "1": "{\"ICOWalletTokenAddress\":\"0x4e80dd9239327e74ea156ef1caa9e9abcfa179f9\",\"ICOWalletDiscount1Address\":\"0xfdccc6008e99ea09392600ebf72ad7b30c4b73c4\",\"ICOWalletDiscount2Address\":\"0x21953969bb5a33697502756ca3129566d03b6490\",\"ICOWalletEthereumAddress\":\"0x4c0af32cd1d1721a6c6f191bc9ba127926467930\",\"TransactionGaz\":128000,\"GazPice\":42,\"TokenContractTransactionHash\":\"0xdb506dfd84d5e0b553b4bc561ba7c05c543e7b8062d3f070979195d341e48082\",\"TokenContractAddress\":\"0x43620e7983b126f4d6cc502782749d685a4d8eb1\",\"NbTokenToSell\":80000000,\"NbTotalToken\":100000000,\"USDTokenPrice\":0.45,\"USDEthereumPrice\":326.794267212,\"Discount1Factor\":0.9,\"Discount2Factor\":0.9,\"NbTokenSold\":87569877.26996756,\"NbEthereum\":133657.9004354139,\"LastProcessedBlock\":2833,\"BlockTokenStart\":964,\"NbBlockTransactionConfirmation\":6,\"IcoDateStart\":1533772800000,\"IcoDateEnd\":1546214400000,\"id\":1}",
      "2": "{\"ICOWalletTokenAddress\":\"0x4e80dd9239327e74ea156ef1caa9e9abcfa179f9\",\"ICOWalletDiscount1Address\":\"0xfdccc6008e99ea09392600ebf72ad7b30c4b73c4\",\"ICOWalletDiscount2Address\":\"0x21953969bb5a33697502756ca3129566d03b6490\",\"ICOWalletEthereumAddress\":\"0x4c0af32cd1d1721a6c6f191bc9ba127926467930\",\"TransactionGaz\":128000,\"GazPice\":42,\"TokenContractTransactionHash\":\"0xdb506dfd84d5e0b553b4bc561ba7c05c543e7b8062d3f070979195d341e48082\",\"TokenContractAddress\":\"0x43620e7983b126f4d6cc502782749d685a4d8eb1\",\"NbTokenToSell\":80000000,\"NbTotalToken\":100000000,\"USDTokenPrice\":0.45,\"USDEthereumPrice\":326.794267212,\"Discount1Factor\":0.9,\"Discount2Factor\":0.9,\"NbTokenSold\":87569877.26996756,\"NbEthereum\":133657.9004354139,\"LastProcessedBlock\":2833,\"BlockTokenStart\":964,\"NbBlockTransactionConfirmation\":6,\"IcoDateStart\":1533772800000,\"IcoDateEnd\":1546214400000,\"id\":2}",
      "3": "{\"ICOWalletTokenAddress\":\"0x4e80dd9239327e74ea156ef1caa9e9abcfa179f9\",\"ICOWalletDiscount1Address\":\"0xfdccc6008e99ea09392600ebf72ad7b30c4b73c4\",\"ICOWalletDiscount2Address\":\"0x21953969bb5a33697502756ca3129566d03b6490\",\"ICOWalletEthereumAddress\":\"0x4c0af32cd1d1721a6c6f191bc9ba127926467930\",\"TransactionGaz\":128000,\"GazPice\":42,\"TokenContractTransactionHash\":\"0x732bb82923b5205ed44b4eb670060de45418d7a3cd4c9f0c22646b11404c8ff9\",\"TokenContractAddress\":\"0xaafd46c2f429fb61b848a83b9b4ea527a4574512\",\"NbTokenToSell\":80000000,\"NbTotalToken\":100000000,\"USDTokenPrice\":0.45,\"USDEthereumPrice\":319.444416233,\"Discount1Factor\":0.9,\"Discount2Factor\":0.9,\"NbTokenSold\":99011249.3734594,\"NbEthereum\":154757.24013593866,\"LastProcessedBlock\":617,\"BlockTokenStart\":143,\"NbBlockTransactionConfirmation\":6,\"IcoDateStart\":1533772800000,\"IcoDateEnd\":1546214400000,\"id\":3}",
      "4": "{\"ICOWalletTokenAddress\":\"0x4e80dd9239327e74ea156ef1caa9e9abcfa179f9\",\"ICOWalletDiscount1Address\":\"0xfdccc6008e99ea09392600ebf72ad7b30c4b73c4\",\"ICOWalletDiscount2Address\":\"0x21953969bb5a33697502756ca3129566d03b6490\",\"ICOWalletEthereumAddress\":\"0x4c0af32cd1d1721a6c6f191bc9ba127926467930\",\"TransactionGaz\":128000,\"GazPice\":42,\"TokenContractTransactionHash\":\"0x732bb82923b5205ed44b4eb670060de45418d7a3cd4c9f0c22646b11404c8ff9\",\"TokenContractAddress\":\"0xaafd46c2f429fb61b848a83b9b4ea527a4574512\",\"NbTokenToSell\":80000000,\"NbTotalToken\":100000000,\"USDTokenPrice\":0.45,\"USDEthereumPrice\":319.444416233,\"Discount1Factor\":0.9,\"Discount2Factor\":0.9,\"NbTokenSold\":99011249.3734594,\"NbEthereum\":154757.24013593866,\"LastProcessedBlock\":617,\"BlockTokenStart\":143,\"NbBlockTransactionConfirmation\":6,\"IcoDateStart\":1533772800000,\"IcoDateEnd\":1546214400000,\"id\":4}",
      "5": "{\"ICOWalletTokenAddress\":\"0x4e80dd9239327e74ea156ef1caa9e9abcfa179f9\",\"ICOWalletDiscount1Address\":\"0xfdccc6008e99ea09392600ebf72ad7b30c4b73c4\",\"ICOWalletDiscount2Address\":\"0x21953969bb5a33697502756ca3129566d03b6490\",\"ICOWalletEthereumAddress\":\"0x4c0af32cd1d1721a6c6f191bc9ba127926467930\",\"TransactionGaz\":128000,\"GazPice\":42,\"TokenContractTransactionHash\":\"0x732bb82923b5205ed44b4eb670060de45418d7a3cd4c9f0c22646b11404c8ff9\",\"TokenContractAddress\":\"0xaafd46c2f429fb61b848a83b9b4ea527a4574512\",\"NbTokenToSell\":80000000,\"NbTotalToken\":100000000,\"USDTokenPrice\":0.45,\"USDEthereumPrice\":319.444416233,\"Discount1Factor\":0.9,\"Discount2Factor\":0.9,\"NbTokenSold\":99011249.3734594,\"NbEthereum\":154757.24013593866,\"LastProcessedBlock\":617,\"BlockTokenStart\":143,\"NbBlockTransactionConfirmation\":6,\"IcoDateStart\":1533772800000,\"IcoDateEnd\":1546214400000,\"id\":5}",
      "6": "{\"ICOWalletTokenAddress\":\"0x4e80dd9239327e74ea156ef1caa9e9abcfa179f9\",\"ICOWalletDiscount1Address\":\"0xfdccc6008e99ea09392600ebf72ad7b30c4b73c4\",\"ICOWalletDiscount2Address\":\"0x21953969bb5a33697502756ca3129566d03b6490\",\"ICOWalletEthereumAddress\":\"0x4c0af32cd1d1721a6c6f191bc9ba127926467930\",\"TransactionGaz\":128000,\"GazPice\":42,\"USDTokenPrice\":0.44,\"USDEthereumPrice\":600,\"Discount1Factor\":0.9,\"Discount2Factor\":0.9,\"id\":6}",
      "7": "{\"ICOWalletTokenAddress\":\"0x4e80dd9239327e74ea156ef1caa9e9abcfa179f9\",\"ICOWalletDiscount1Address\":\"0xfdccc6008e99ea09392600ebf72ad7b30c4b73c4\",\"ICOWalletDiscount2Address\":\"0x21953969bb5a33697502756ca3129566d03b6490\",\"ICOWalletEthereumAddress\":\"0x4c0af32cd1d1721a6c6f191bc9ba127926467930\",\"TransactionGaz\":128000,\"GazPice\":42,\"USDTokenPrice\":0.44,\"USDEthereumPrice\":600,\"Discount1Factor\":0.9,\"Discount2Factor\":0.9,\"id\":7}",
      "8": "{\"ICOWalletTokenAddress\":\"0x4e80dd9239327e74ea156ef1caa9e9abcfa179f9\",\"ICOWalletDiscount1Address\":\"0xfdccc6008e99ea09392600ebf72ad7b30c4b73c4\",\"ICOWalletDiscount2Address\":\"0x21953969bb5a33697502756ca3129566d03b6490\",\"ICOWalletEthereumAddress\":\"0x4c0af32cd1d1721a6c6f191bc9ba127926467930\",\"TransactionGaz\":128000,\"GazPice\":42,\"USDTokenPrice\":0.44,\"USDEthereumPrice\":600,\"Discount1Factor\":0.9,\"Discount2Factor\":0.9,\"id\":8}"
    }
  }
}